{
	"info": {
		"_postman_id": "a1d64ec1-8064-4581-8237-50be815e12e6",
		"name": "crowdsourcing_service",
		"schema": "https://schema.getpostman.com/json/collection/v2.0.0/collection.json",
		"_exporter_id": "38845081"
	},
	"item": [
		{
			"name": "TAREAS CRUD",
			"item": [
				{
					"name": "POST",
					"request": {
						"method": "POST",
						"header": [],
						"body": {
							"mode": "raw",
							"raw": "{\r\n  \"responsable\": \"user@example.com\",\r\n  \"descripcion\": \"string\",\r\n  \"habilidades\": [\r\n    \"string\"\r\n  ],\r\n  \"segmentos\": 1,\r\n  \"colaboradores\": [\r\n    \"user@example.com\"\r\n  ]\r\n}",
							"options": {
								"raw": {
									"language": "json"
								}
							}
						},
						"url": "localhost:8000/tareas"
					},
					"response": []
				},
				{
					"name": "GET ALL",
					"request": {
						"method": "GET",
						"header": [],
						"url": "localhost:8000/tareas"
					},
					"response": []
				},
				{
					"name": "GET",
					"request": {
						"method": "GET",
						"header": [],
						"url": "localhost:8000/tareas/id/67377ed346b67adbf825bcf6"
					},
					"response": []
				},
				{
					"name": "PUT",
					"request": {
						"method": "PUT",
						"header": [],
						"body": {
							"mode": "raw",
							"raw": "{\r\n  \"responsable\": \"user2@example.com\",\r\n  \"descripcion\": \"string\",\r\n  \"habilidades\": [\r\n    \"string\"\r\n  ],\r\n  \"segmentos\": 9,\r\n  \"colaboradores\": [\r\n    \"user@example.com\"\r\n  ]\r\n}",
							"options": {
								"raw": {
									"language": "json"
								}
							}
						},
						"url": "localhost:8000/tareas/67377ea846b67adbf825bcf4"
					},
					"response": []
				},
				{
					"name": "DELETE",
					"request": {
						"method": "DELETE",
						"header": [],
						"url": "localhost:8000/tareas/6737801785c08a0fef74fc86"
					},
					"response": []
				}
			]
		},
		{
			"name": "COLABORADORES CRUD",
			"item": [
				{
					"name": "POST",
					"request": {
						"method": "POST",
						"header": [],
						"body": {
							"mode": "raw",
							"raw": "{\r\n  \"email\": \"user3@example.com\",\r\n  \"nombre\": \"string\",\r\n  \"habilidades\": [\r\n    \"string\"\r\n  ]\r\n}",
							"options": {
								"raw": {
									"language": "json"
								}
							}
						},
						"url": "localhost:8000/colaboradores"
					},
					"response": []
				},
				{
					"name": "GET ALL",
					"request": {
						"method": "GET",
						"header": [],
						"url": "localhost:8000/colaboradores"
					},
					"response": []
				},
				{
					"name": "GET",
					"request": {
						"method": "GET",
						"header": [],
						"url": "localhost:8000/colaboradores/6737807185c08a0fef74fc87"
					},
					"response": []
				},
				{
					"name": "DELETE",
					"request": {
						"method": "DELETE",
						"header": [],
						"url": "localhost:8000/colaboradores/6737813b85c08a0fef74fc8a"
					},
					"response": []
				},
				{
					"name": "GET ALL HABILIDADES",
					"request": {
						"method": "GET",
						"header": [],
						"url": "localhost:8000/colaboradores/6737807185c08a0fef74fc87/habilidades"
					},
					"response": []
				},
				{
					"name": "POST HABILIDAD",
					"request": {
						"method": "POST",
						"header": [],
						"url": {
							"raw": "localhost:8000/colaboradores/6737807185c08a0fef74fc87/habilidades?habilidad=string3",
							"host": [
								"localhost"
							],
							"port": "8000",
							"path": [
								"colaboradores",
								"6737807185c08a0fef74fc87",
								"habilidades"
							],
							"query": [
								{
									"key": "habilidad",
									"value": "string3"
								}
							]
						}
					},
					"response": []
				},
				{
					"name": "DELETE HABILIDAD",
					"request": {
						"method": "DELETE",
						"header": [],
						"url": {
							"raw": "localhost:8000/colaboradores/6737807185c08a0fef74fc87/habilidades?habilidad=string",
							"host": [
								"localhost"
							],
							"port": "8000",
							"path": [
								"colaboradores",
								"6737807185c08a0fef74fc87",
								"habilidades"
							],
							"query": [
								{
									"key": "habilidad",
									"value": "string"
								}
							]
						}
					},
					"response": []
				}
			]
		},
		{
			"name": "ADVANCED FUNCTIONS",
			"item": [
				{
					"name": "GET TAREAS BY HABILIDAD",
					"protocolProfileBehavior": {
						"disableBodyPruning": true
					},
					"request": {
						"method": "GET",
						"header": [],
						"body": {
							"mode": "raw",
							"raw": "",
							"options": {
								"raw": {
									"language": "json"
								}
							}
						},
						"url": "localhost:8000/tareas/habilidades/string2",
						"description": "No sé porque ha dejado de funcionar esta prueba, pero si la probamos en swagger accediendo a localhost:8000/docs, selecionando la misma funcion e introciendo la habilidad si funciona la prueba así que podemos dar por hecho que por alguna extraña razón falla postman"
					},
					"response": []
				},
				{
					"name": "GET TAREAS BY COLLABORATOR",
					"request": {
						"method": "GET",
						"header": [],
						"url": "localhost:8000/tareas/colaborador/user2@example.com"
					},
					"response": []
				},
				{
					"name": "ADD COLLABORATOR",
					"request": {
						"method": "POST",
						"header": [],
						"url": "localhost:8000/tareas/67377ea846b67adbf825bcf4/colaborador/user3@example.com"
					},
					"response": []
				},
				{
					"name": "GET COLABORATORS WITH SKILL",
					"request": {
						"method": "GET",
						"header": [],
						"url": "localhost:8000/tareas/673784a4df37cc67e465ddbb/colaboradores"
					},
					"response": []
				},
				{
					"name": "GET TAREAS COMPLETED",
					"request": {
						"method": "GET",
						"header": [],
						"url": "localhost:8000/tareas/completas"
					},
					"response": []
				},
				{
					"name": "GET COLABORADORES OF COLABORADOR",
					"request": {
						"method": "GET",
						"header": [],
						"url": "localhost:8000/colaboradores/6737807185c08a0fef74fc87/colaboradores"
					},
					"response": []
				}
			]
		}
	]
}